<?xml version="1.0" encoding="UTF-8"?>
<project-private xmlns="http://www.netbeans.org/ns/project-private/1">
    <editor-bookmarks xmlns="http://www.netbeans.org/ns/editor-bookmarks/2" lastBookmarkId="0"/>
    <open-files xmlns="http://www.netbeans.org/ns/projectui-open-files/2">
        <group>
            <file>file:/C:/Users/campa/Documents/NetBeansProjects/ACamp3FinalProject_v1/public_html/details.html</file>
            <file>file:/C:/Users/campa/Documents/NetBeansProjects/ACamp3FinalProject_v1/public_html/books.html</file>
            <file>file:/C:/Users/campa/Documents/NetBeansProjects/ACamp3FinalProject_v1/public_html/contact.html</file>
            <file>file:/C:/Users/campa/Documents/NetBeansProjects/ACamp3FinalProject_v1/public_html/css/throwaway.css</file>
            <file>file:/C:/Users/campa/Documents/NetBeansProjects/ACamp3FinalProject_v1/public_html/about.html</file>
            <file>file:/C:/Users/campa/Documents/NetBeansProjects/ACamp3FinalProject_v1/public_html/css/style.css</file>
            <file>file:/C:/Users/campa/Documents/NetBeansProjects/ACamp3FinalProject_v1/public_html/css/media.css</file>
            <file>file:/C:/Users/campa/Documents/NetBeansProjects/ACamp3FinalProject_v1/public_html/index.html</file>
        </group>
    </open-files>
</project-private>
